keyword_url,type_bl,origin_query
www.inrs.fr,blacklisted,
aida.ineris.fr,blacklisted,
linkedin.com,social_network,
www.ilocis.org,blacklisted,
www.officiel-prevention.com,blacklisted,
biblio.univ-annaba.dz,blacklisted,
mediamef.utt.fr,blacklisted,
core.ac.uk,blacklisted,
www.lindustrie-recrute.fr,career_site,
travail-emploi.gouv.fr,career_site,
www.yumpu.com,news,
www.cairn.info,news,
www.lem3.univ-lorraine.fr,blacklisted,
www.csst.qc.ca,blacklisted,
digitalcommons.wpi.edu,blacklisted,
www.pagesjaunes.fr,blacklisted,
hal.univ-lorraine.fr,blacklisted,
eduscol.education.fr,blacklisted,
sourceforge.net,blacklisted,
fr.scribd.com,blacklisted,
www.irsst.qc.ca,blacklisted,
www.aria.developpement-durable.gouv.fr,blacklisted,
archives-ouvertes.fr,blacklisted,
dspace.univ-tlemcen.dz,blacklisted,
www.jstor.org,blacklisted,
languedutravail.org,blacklisted,
www.cpformation.com,blacklisted,
www.master-prnt.com,blacklisted,
idoc.pub,blacklisted,
www.academia.edu,blacklisted,
www.cer-rec.gc.ca,blacklisted,
www.ville.levis.qc.ca,blacklisted,
www.nord.gouv.fr,blacklisted,
link.springer.com,blacklisted,
www.observatoire-metallurgie.fr,blacklisted,
www.economie.gouv.qc.ca,blacklisted,
www.wsp.org,blacklisted,
circulaire.legifrance.gouv.fr,blacklisted,
www.unece.org,blacklisted,
www.jeanjoux.fr,blacklisted,
www.rst-sante-travail.fr,blacklisted,
btp.cnam.fr,career_site,
www.haute-corse.gouv.fr,blacklisted,
economie.fgov.be,blacklisted,
issuu.com,blacklisted,
www.memoireonline.com,blacklisted,
www.enp-oran.dz,blacklisted,
theses.insa-lyon.fr,blacklisted,
www.orientation.auvergnerhonealpes.fr,career_site,
www.departement06.fr,blacklisted,
www.forsapre.fr,blacklisted,
www.assemblee-nationale.fr,blacklisted,
www.gard.gouv.fr,blacklisted,
www.techniques-ingenieur.fr,news,
www.angersloiremetropole.fr,news,
www.ain.gouv.fr,blacklisted,
www.powershow.com,blacklisted,
www.unsa-territoriaux.org,blacklisted,
www.uni-renov.rnu.tn,blacklisted,
www.seine-maritime.gouv.fr,blacklisted,
www.enquetepubliqueligne17nord.fr,blacklisted,
savoir.fer.free.fr,blacklisted,
pdfs.semanticscholar.org,blacklisted,
www.lambert-lucas.com,blacklisted,
iwaponline.com,news,
orbi.ulg.ac.be,blacklisted,
org.rdb.rw,blacklisted,
iut1.univ-grenoble-alpes.fr,blacklisted,
github.com,blacklisted,
wikipedia.org,blacklisted,
www.ncbi.nlm.nih.gov,blacklisted,
www.mathworks.com,blacklisted,
docs.microsoft.com,blacklisted,
www.matlabexpo.com,blacklisted,
towardsdatascience.com,blacklisted,
gallery.azure.ai,blacklisted,
www.kdnuggets.com,blacklisted,
www.educba.com,blacklisted,
www.designnews.com,news,
www.lce.com,blacklisted,
medium.com,news,
www.infoq.com,news,
blog.aimultiple.com,news,
channel9.msdn.com,news,
blog.revolutionanalytics.com,news,
cloud.google.com,blacklisted,
www.statistics.com,blacklisted,
www.linguee.com,blacklisted,
notebooks.azure.com,blacklisted,
www.six-sigma-material.com,blacklisted,
www.l2s.centralesupelec.fr,blacklisted,
docnum.univ-lorraine.fr,blacklisted,
www.sfmeca.fr,blacklisted,
www.polytec.com,blacklisted,
www.ijarst.com,news,
informs-sim.org,blacklisted,
ori-nuxeo.univ-lille1.fr,blacklisted,
sam.ensam.eu,blacklisted,
www.foncsi.org,blacklisted,
www.science.gov,blacklisted,
www.aijobs.tech,career_site,
www.metallurgical-research.org,news,
ewh.ieee.org,news,
upcommons.upc.edu,news,
www-physique-chimie.cea.fr,blacklisted,
www.lias-lab.fr,blacklisted,
www.lirmm.fr,blacklisted,
dspace.univ-setif.dz,blacklisted,
applications.umons.ac.be,blacklisted,
citeseerx.ist.psu.edu,blacklisted,
www.cran.univ-lorraine.fr,blacklisted,
jift2018.sciencesconf.org,news,
ged.univ-valenciennes.fr,blacklisted,
worldcat.org,blacklisted,
www.montefiore.ulg.ac.be,blacklisted,
www.emse.fr,blacklisted,
www.sciencedirect.com,blacklisted,
ieeexplore.ieee.org,blacklisted,
www.convergedigest.com,blacklisted,
zombiedoc.com,blacklisted,
www.alibaba.com,blacklisted,
blogspot.com,blacklisted,
journals.sagepub.com,blacklisted,
index.ncesubsea.com,blacklisted,
scribd.com,blacklisted,
www.tib.eu,blacklisted,
pinterest,blacklisted,
acrofan.com ,blacklisted,
www.rovworld.com,blacklisted,
cdml.naoe.pusan.ac.kr,blacklisted,
bioone.org,blacklisted,
ww2.eagle.org,blacklisted,
news.ycombinator.com,blacklisted,
orhanergun.net,blacklisted,
navcen.uscg.gov,blacklisted,
gov,second_domain,
academic,blacklisted,
edu,second_domain,
.ac.,blacklisted,
patents.justia.com,blacklisted,
.library.,blacklisted,
reddit.com,blacklisted,
archive.org,blacklisted,
www.iso.org,blacklisted,
thenakedscientists.com,blacklisted,
pressreleasepoint.com,blacklisted,
thebarentsobserver.com,blacklisted,
rekindled-guild.com,blacklisted,
www.fas.org,blacklisted,
mdpi.com,blacklisted,
rovplanet.com,blacklisted,
www.wired.com,blacklisted,
labs.apnic.net,blacklisted,
.slideshare.net,blacklisted,
exportpages.com,blacklisted,
docsplayer.org,blacklisted,
offshore-mag.com,blacklisted,
www.ecmag.com,blacklisted,
epubs.siam.org,blacklisted,
livejournal.com,blacklisted,
ascelibrary.org,blacklisted,
frontiersin.org,blacklisted,
gulfakrab-cpd.com,blacklisted,
amnh.org,blacklisted,
.scribd.com,blacklisted,
itsecurity.org,blacklisted,
seekingalpha.com,blacklisted,
arc.aiaa.org,blacklisted,
globalresearch,blacklisted,
oceannews,blacklisted,
www.quora.,blacklisted,
nextbigfuture,blacklisted,
paperity.org,blacklisted,
kjis.org,blacklisted,
socialmediawire,blacklisted,
consultants.info,blacklisted,
docshare,blacklisted,
thefreedictionary,blacklisted,
news.bbc,blacklisted,
pubs.acs.org,blacklisted,
www.salaryexpert.com,blacklisted,
.cloudfront.net,blacklisted,
wikimili.com,blacklisted,
www.indeed.com,blacklisted,
magazines.marinelink.com,blacklisted,
simplyhired.com,blacklisted,
patents.google,blacklisted,
.portnews.,blacklisted,
www.submarinecablesystems.com,blacklisted,
opticalcloudinfra.com,blacklisted,
submarinemedia.com,blacklisted,
seawanderer.org,blacklisted,
www.subseapedia.org,blacklisted,
www.coralseacablesystem.com.au,blacklisted,
www.qyresearchglobal.com,blacklisted,
www.silvercrestsubmarines.co.uk,blacklisted,
boekdonder.pw,blacklisted,
www.activetelecoms.com,blacklisted,
rickcampbellauthor.com,blacklisted,
cablecontracts.net,blacklisted,
thecabledirectory.wordpress.com,blacklisted,
www.suppliersof.com,blacklisted,
www.thaibizargen.com,blacklisted,
maritimeglobalnews.com,blacklisted,
caffeparty.it,blacklisted,
www.austandnzdefence.com,blacklisted,
www.marktforschungsblogs.com,blacklisted,
oceanandairtechnology,blacklisted,
seacrewforum.ru,blacklisted,
meridian.allenpress.com,blacklisted,
static.wirenet.org,blacklisted,
www.oceanbusiness.com,blacklisted,
www.tuugo,blacklisted,
depreciationrates,blacklisted,
cacicontracts.caci.com,blacklisted,
www.marketresearchblogs.com,blacklisted,
publications.isope.org,blacklisted,
development.maritime-executive.com,blacklisted,
www.mmrrc.ul.ie,blacklisted,
www.researchgate.net,blacklisted,
www.theses.fr,blacklisted,
youtube,blacklisted,
sncf,second_domain,
www.sncf.com,blacklisted,
www.dailymotion.com,blacklisted,
context.reverso.net,blacklisted,
rakuten.com,blacklisted,
www.ladepeche.fr,blacklisted,
www.amazon.fr,blacklisted,
www.gammvert.fr,blacklisted,
sputniknews.com,blacklisted,
assistance.orange.fr,blacklisted,
www.generation-nt.com,blacklisted,
ssiplg.com,blacklisted,
www.sosh.fr,blacklisted,
www.monpetitforfait.com,blacklisted,
lotoquebec.com,blacklisted,
www.fnac.com,blacklisted,
prnewswire,blacklisted,
marketwatch,blacklisted,
marinelink,blacklisted,
rigzone.com,blacklisted,
steelguru.com,blacklisted,
globenewswire.com,blacklisted,
wenku.baidu.com,blacklisted,
thetfordactu.com,blacklisted,
alibaba,blacklisted,
newswire.ca,blacklisted,
choosemycompany.com,blacklisted,
editions.lavoisier.fr,blacklisted,
autodesk.com,blacklisted,
homedepot,blacklisted,
grandviewresearch.com,blacklisted,
articlebase.com,blacklisted,
marketersmedia.com,blacklisted,
homehardware,blacklisted,
www.amazon.,blacklisted,
prnasia,blacklisted,
trustradius,blacklisted,
shutterstock,blacklisted,
www.cio.com,blacklisted,
supercheapauto,blacklisted,
overstock.com,blacklisted,
indeed.,blacklisted,
envoituresimone,blacklisted,
www.ebay.,blacklisted,
www.leboncoin,blacklisted,
www.automobile.fr,blacklisted,
www.mobile.de,blacklisted,
www.autonews.fr,blacklisted,
www.lesfurets.com,blacklisted,
www.lelynx.fr,blacklisted,
www.automobile-entreprise.com,blacklisted,
www.flotauto.com,blacklisted,
www.leguide.com,blacklisted,
www.lespac.com,blacklisted,
www.businesswire.com,blacklisted,
www.manutan-collectivites.fr,blacklisted,
www.village-justice.com,blacklisted,
evolution.skf.com,blacklisted,
certification.afnor.org,blacklisted,
decryptageo.fr,blacklisted,
medias.sncf.com,blacklisted,
europarm.fr,blacklisted,
www.boamp.fr,blacklisted,
www.enerzine.com,blacklisted,
www.mcafee.com,blacklisted,
www.amd.com,blacklisted,
www.oracle.com,blacklisted,
www.gazettelabo.fr,blacklisted,
www.cadremploi.fr,blacklisted,
royalcanin,blacklisted,
www.eset.com,blacklisted,
www.channelbiz.fr,blacklisted,
www.frenchweb.fr,blacklisted,
ac-franchise.com,blacklisted,
www.droit-afrique.com,blacklisted,
www.zonebourse.com,blacklisted,
www.agencebeninpresse.info,blacklisted,
news.cision.com,blacklisted,
www.idinvest.com,blacklisted,
www.decideur-public.info,blacklisted,
www.globalsecuritymag.fr,blacklisted,
www.auvieuxcampeur.fr,blacklisted,
www.drmartens.com,blacklisted,
www.fondsdereserve.fr,blacklisted,
www.moneyvox.fr,blacklisted,
www.saq.com,blacklisted,
www.afp.com,blacklisted,
www.postfinance.ch,blacklisted,
www.kartable.fr,blacklisted,
www.aps.dz,blacklisted,
www.attijaribank.com,blacklisted,
www.renodepot.com,blacklisted,
www.banquelaurentienne.ca,blacklisted,
bdif.amf-france.org,blacklisted,
www.plastiques-caoutchoucs.com,blacklisted,
apps.autodesk.com,blacklisted,
pieces-auto.oscaro.com,blacklisted,
blog.ariase.com,blacklisted,
www.photoniques.com,blacklisted,
www.easybourse.com,blacklisted,
www.auto-innovations.com,blacklisted,
robotshop.com,blacklisted,
caradisiac.com,blacklisted,
education.ti.com,blacklisted,
news.blizzard.com,blacklisted,
man-machune-teaming.com,blacklisted,
www.topachat.com,blacklisted,
www.lesmobiles.com,blacklisted,
www.wish.com,blacklisted,
www.pfaff.com,blacklisted,
support.apple.com,blacklisted,
www.planeterenault.com,blacklisted,
www.agriaffaires.com,blacklisted,
www.mister-auto.com,blacklisted,
www.allogarage.fr,blacklisted,
agriculture.newholland.com,blacklisted,
www.lemondeducampingcar.fr,blacklisted,
chainreactioncycles.com,blacklisted,
www.aufeminin.com,blacklisted,
publications.total.com,blacklisted,
www.madmoizelle.com,blacklisted,
koulouba.com,blacklisted,
reports.ucb.com,blacklisted,
www.verif.com,blacklisted,
ecoutervoir.fr,blacklisted,
support.lenovo.com,blacklisted,
www.expoprotection.com,blacklisted,
assiste.com,blacklisted,
www.bipiz.org,blacklisted,
s1.q4cdn.com,blacklisted,
www.gofluent.com,blacklisted,
www.boursedecredits.com,blacklisted,
www.cafedelabourse.com,blacklisted,
www.ouvrages-olympiques.fr,blacklisted,
www.etudes-et-analyses.com,blacklisted,
orange-business.com,blacklisted,
www.elipso.org,blacklisted,
discover.decathlon.fr,blacklisted,
news.3m.com,blacklisted,
www.bestbuy.com,blacklisted,
ebay.,blacklisted,
www.business.vic.gov.au,blacklisted,
blog.hubspot.com,blacklisted,
business.tas.gov.au,blacklisted,
www.repeater-builder.com,blacklisted,
www.biblio.com,blacklisted,
store.google.com,blacklisted,
www.answers.com,blacklisted,
www.gocompare.com,blacklisted,
satnews.com,blacklisted,
www.politico.com,blacklisted,
docs.oracle.com,blacklisted,
theclearinghouse.org,blacklisted,
bobvila.com,blacklisted,
jobs.telegraph.co.uk,blacklisted,
www.softwaretestinghelp.com,blacklisted,
twitter.,blacklisted,
madmimi.com,blacklisted,
www.worksafe.vic.gov.au,blacklisted,
appsource.microsoft.com,blacklisted,
www.industrysearch.com.au,blacklisted,
www.wesfarmers.com.au,blacklisted,
marketresearch.com,blacklisted,
www.restaurantbusinessonline.com,blacklisted,
www.qsrmagazine.com,blacklisted,
apnews.com,blacklisted,
www.wm.com,blacklisted,
republicservices.com,blacklisted,
www.legalzoom.com,blacklisted,
www.containerstore.com,blacklisted,
www.shoplet.com,blacklisted,
www.dosomething.org,blacklisted,
bureo.co,blacklisted,
technology.informa.com,blacklisted,
marketrealist.com,blacklisted,
www.contactpharma.com,blacklisted,
www.alacrastore.com,blacklisted,
www.mintel.com,blacklisted,
www.leatherheadfood.com,blacklisted,
www.reportlinker.com,blacklisted,
blog.capterra.com,blacklisted,
trainingindustry.com,blacklisted,
getnerdio.com,blacklisted,
www3.technologyevaluation.com,blacklisted,
www.softwaremag.com,blacklisted,
www.kmworld.com,blacklisted,
www.simplybusiness.co.uk,blacklisted,
www.supplychaindigital.com,blacklisted,
fashionunited.,blacklisted,
collegegrad.com,blacklisted,
www.leaf.tv,blacklisted,
goodmanrealestate.com,blacklisted,
www.theknowledgeacademy.com,blacklisted,
www.famousfootwear.com,blacklisted,
support.eset.com,blacklisted,
support.sap.com,blacklisted,
searcherp.techtarget.com,blacklisted,
docs.bmc.com,blacklisted,
creativepool.com,blacklisted,
www.globalsources.com,blacklisted,
www.whowhatwear.co.uk,blacklisted,
www.goodfirms.co,blacklisted,
www.asug.com,blacklisted,
www.snewsnet.com,blacklisted,
www.usc.co.uk,blacklisted,
mashable.com,blacklisted,
www.blogarama.com,blacklisted,
vimeo.com,blacklisted,
www.fashionnova.com,blacklisted,
freedcamp.com,blacklisted,
www.knittingindustry.com,blacklisted,
www.boardvitals.com,blacklisted,
www.webex.com,blacklisted,
www.bindt.org,blacklisted,
www.wermac.org,blacklisted,
.gov.au,blacklisted,
marketbusinessnews.com,blacklisted,
chinesestandard.net,blacklisted,
qualityinspection.org,blacklisted,
www.pharmtech.com,blacklisted,
decisionsindentistry.com,blacklisted,
www.ti.com,blacklisted,
www.kickstarter.com,blacklisted,
geeetech.com,blacklisted,
www.123rf.com,blacklisted,
www.isixsigma.com,blacklisted,
www.3dhubs.com,blacklisted,
blog.adafruit.com,blacklisted,
www.naukri.com,blacklisted,
www.etsy.com,blacklisted,
www.sigmaaldrich.com,blacklisted,
www.carestream.com,blacklisted,
www.analog.com,blacklisted,
www.premera.com,blacklisted,
www.naviance.com,blacklisted,
www.hrblock.com,blacklisted,
www.usu.com,blacklisted,
www.akaipro.com,blacklisted,
www.pentair.com,blacklisted,
www.sonicwall.com,blacklisted,
www.avid.com,blacklisted,
www.digi.com,blacklisted,
www.spiceworks.com,blacklisted,
www.exoplatform.com,blacklisted,
washingtonpost.com,blacklisted,
www.wired.,blacklisted,
theguardian.,blacklisted,
www.theday.com,blacklisted,
www.thedrive.com,blacklisted,
www2.gov.scot,blacklisted,
zdnet.com,blacklisted,
www.theatlantic.com,blacklisted,
www.vox.com,blacklisted,
theregister.co.uk,blacklisted,
www.vbgov.com,blacklisted,
www.unescap.org,blacklisted,
hitman.fandom.com,blacklisted,
freeshipplans.com,blacklisted,
gcaptain.com,blacklisted,
3devo.com,blacklisted,
3dprinting,blacklisted,
aescripts.com,blacklisted,
all3dp.com,blacklisted,
jooble.,blacklisted,
adafruit.com,blacklisted,
plasticmachinerysales.com,blacklisted,
.made-in-china.,blacklisted,
stackexchange.com,blacklisted,
.alibaba.,blacklisted,
dough.tools,blacklisted,
e3d-online,blacklisted,
epe-machine.com,blacklisted,
extrusion-reactive.com,blacklisted,
extrusion-training.,blacklisted,
extrusionwiki.com,blacklisted,
.autodesk.,blacklisted,
fabulouspasta,blacklisted,
figureking.tistory.com,blacklisted,
finance.yahoo.com,blacklisted,
fishfeedmachinery,blacklisted,
flashforge,blacklisted,
.tradekey.com,blacklisted,
hackaday.com,blacklisted,
headwhois.com,blacklisted,
houseofbots.com,blacklisted,
learningcenter.,blacklisted,
naukri,blacklisted,
lup.lub.lu.se,blacklisted,
microsoft.,blacklisted,
journals.elsevier.com,blacklisted,
larousse.fr,blacklisted,
.linguee.,blacklisted,
livecareer.com,blacklisted,
developpez.net,blacklisted,
arxiv.org,blacklisted,
oracle.com,blacklisted,
commentcamarche,blacklisted,
.univ-lyon2.,blacklisted,
quora.com,blacklisted,
news.thomasnet.com,blacklisted,
technologystudent.com,blacklisted,
